ｲﾖｫ,ｲﾖｫ,zwq,zwr
113.916745,39.439695,113.8986774,39.44195253
112.8464946,37.36097073,112.874285,37.33070833
113.1247916,36.37729851,113.1168225,36.36330497
113.1168225,36.36330497,113.1172592,36.36151333
113.1168223,36.23334118,113.116955,36.23283505
113.116955,36.23283505,113.1180441,36.22895511
112.428815,37.86326333,112.3909974,37.87817634
112.2162675,37.9195594,112.2145261,37.91997506
112.2145261,37.91997506,112.17946,37.90822503
112.1678542,37.91301984,112.1636041,37.91454614
112.772974,37.60851266,112.7354876,37.55764918
112.7063191,37.53431668,112.6552709,37.52426806
114.1491081,40.70498228,114.0751992,40.66103833
114.1203902,40.54256083,114.1214479,40.51292994
114.1214225,40.51178921,114.1196477,40.50984905
114.1107184,40.48498761,114.1079031,40.48151898
114.1079031,40.48151898,114.09816,40.4711449
114.096804,40.46804277,114.0963411,40.46701946
114.0963411,40.46701946,114.1154017,40.4190943
114.1154017,40.4190943,114.1103712,40.41326804
114.0688047,40.40306129,114.0686177,40.40088916
114.0686177,40.40088916,114.0716483,40.39153833
114.2783697,39.45784183,114.275976,39.43745562
114.275976,39.43745562,114.2717066,39.41634509
112.4753542,37.75529165,112.4723345,37.74870623
113.889724,40.03790982,113.8928927,40.03075108
113.3921406,40.03276428,113.3961509,40.02737755
113.4016018,40.02038998,113.4025146,40.01907754
113.4828241,39.87408625,113.5503283,39.83052166
113.5919547,39.74420998,113.6042503,39.7291741
113.1646228,40.3916561,113.1653462,40.27114541
113.1572324,40.2501012,113.1322243,40.2416378
113.0988633,40.16757,113.1074461,40.15338083
113.0738267,39.90704833,113.0732932,39.90629701
113.0732932,39.90629701,113.0440681,39.86452854
113.0721733,39.84305487,113.0725367,39.84282297
113.0757792,39.84072038,113.0808601,39.83652104
113.0808601,39.83652104,113.0890833,39.83199228
113.059996,39.80172488,113.0645077,39.80179434
113.1102267,39.61407281,113.123765,39.60959045
113.123765,39.60959045,113.1274843,39.60768585
113.1274843,39.60768585,113.1604823,39.58408688
113.1715396,39.57825613,113.2395945,39.57084179
113.3284775,39.49846078,113.3275984,39.49393396
113.3275984,39.49393396,113.3274842,39.49246251
113.4441533,39.31888333,113.4853103,39.3121072
113.2161633,40.04500833,113.237093,40.01146463
113.2340697,40.01162883,113.1897074,39.93828124
113.1897074,39.93828124,113.1890342,39.93724066
113.1890342,39.93724066,113.1876591,39.93508884
113.1379068,39.87445024,113.13542,39.87322627
112.8094151,39.56091894,112.7935567,39.49678628
112.7935567,39.49678628,112.7943467,39.48568833
112.7943467,39.48568833,112.7878758,39.47503962
112.7878758,39.47503962,112.71849,39.40780333
112.71849,39.40780333,112.5378259,39.38278044
112.5378259,39.38278044,112.5245552,39.38108084
112.7202081,40.10122504,112.7214745,40.09549648
112.7214745,40.09549648,112.7348933,40.07958657
112.7352973,40.07860936,112.7372234,40.07298729
112.701445,39.99134667,112.767405,39.90519333
112.874989,39.75572565,112.8761771,39.7542188
112.8761771,39.7542188,112.8806401,39.74359662
113.010155,39.63834667,113.0272221,39.63532446
113.0272221,39.63532446,113.028182,39.63513565
113.0352671,39.63390838,113.1102267,39.61407281
113.123765,39.60959045,113.1274843,39.60768585
113.1274843,39.60768585,113.1604823,39.58408688
113.1604823,39.58408688,113.155606,39.55977008
112.59875,39.74295167,112.6013417,39.74013333
112.6578364,39.640205,112.6593743,39.62343787
112.6593743,39.62343787,112.6774624,39.59637106
112.6774624,39.59637106,112.7095586,39.58520168
112.8263174,39.53325856,112.8302051,39.53123695
112.8302051,39.53123695,112.8637107,39.51761132
112.8637107,39.51761132,112.8651401,39.51503802
112.8651401,39.51503802,112.8733302,39.50088967
112.8733302,39.50088967,112.8749637,39.4980843
112.8749637,39.4980843,112.8932925,39.47127085
112.8932925,39.47127085,112.9301911,39.44354185
112.247205,39.6195938,112.2525642,39.61426161
112.2783395,39.58672393,112.2787702,39.56728007
112.2889873,39.53244996,112.2988021,39.49913733
111.9382183,38.00561502,111.949285,37.96625166
111.949285,37.96625166,111.9494368,37.9347427
113.40007,38.07572745,113.3800521,38.04941918
113.303,38.01153,113.28441,38.00731074
113.2770867,38.00745341,113.2546963,37.98749664
113.0831712,37.92024307,112.901975,37.85955833
111.81319,38.18890166,111.822735,38.18036497
111.8353027,38.08861858,111.8212324,38.07900239
111.8212324,38.07900239,111.8238858,38.07706847
111.8238858,38.07706847,111.7705167,38.05416
111.7705167,38.05416,111.7105883,38.02562889
111.5805607,38.69477575,111.5570097,38.69870239
111.5570097,38.69870239,111.5217017,38.69128666
111.5217017,38.69128666,111.3611092,38.67249514
111.3611092,38.67249514,111.2175944,38.67338592
111.0506826,38.34894326,111.1174926,38.19475354
111.1219933,38.17815061,111.1156284,38.16648381
111.0122841,38.04181888,110.9958502,37.99856773
110.9902478,37.92284492,111.1169,37.708775
111.1169,37.708775,111.1579533,37.653655
111.9042717,37.56067908,111.906585,37.54951665
111.906585,37.54951665,111.7653834,37.52303493
111.7653834,37.52303493,111.6899226,37.52298042
111.6899226,37.52298042,111.5483833,37.475925
111.5483833,37.475925,111.5291962,37.46292678
111.5291962,37.46292678,111.5009658,37.41649952
112.7410858,36.64521349,112.7412864,36.63377009
112.7412864,36.63377009,112.7471717,36.620095
112.7471717,36.620095,112.7579783,36.61020497
112.7579783,36.61020497,112.8069664,36.57029695
112.8069664,36.57029695,112.8109929,36.56698829
112.8457067,36.54079007,112.8548766,36.53461333
112.8548766,36.53461333,112.8680218,36.52931906
112.8680218,36.52931906,112.8742533,36.52897836
112.9358201,36.49648695,112.9398457,36.48928596
112.9398457,36.48928596,112.944834,36.47072561
112.9696864,36.43267566,112.9706412,36.42963149
112.9706412,36.42963149,112.9639683,36.39703005
112.9639683,36.39703005,112.964477,36.39524439
112.9644768,36.39524439,112.9886375,36.34570826
112.9886375,36.34570826,112.9922913,36.33808154
113.0004026,36.3215381,113.0106184,36.30022669
113.0106184,36.30022669,113.0106508,36.28210084
113.0106508,36.28210084,113.0100357,36.26324683
113.0100357,36.26324683,113.0105955,36.23992721
113.0105955,36.23992721,113.015636,36.23593236
113.015636,36.23593236,113.0254352,36.22859572
113.0256498,36.22889729,113.0316417,36.22500166
113.2961755,36.26446988,113.2757368,36.19239927
113.03386,36.322215,113.0947733,36.34184
113.2215188,36.3550288,113.226374,36.35604295
111.5449932,36.24860342,111.5793337,36.23346312
111.5816224,36.23281896,111.6379176,36.20782577
111.6379176,36.20782577,111.6425247,36.2059399
111.4208446,36.03031993,111.4488713,36.07903671
111.5095226,36.2176102,111.542792,36.25004052
112.430635,37.38238333,112.2750719,37.30892509
111.8916042,37.00484083,111.9013089,36.91707702
111.8225396,36.88513013,111.807144,36.87275646
111.807144,36.87275646,111.7637583,36.82754333
111.7862332,37.28463228,111.81817,37.28156333
111.81817,37.28156333,111.8144786,37.26154587
111.8144786,37.26154587,111.9314126,37.23610764
111.3406046,35.60447109,111.3404267,35.58686975
111.7601466,37.26249507,111.7777324,37.2526082
111.7777324,37.2526082,111.7731187,37.23678531
111.7731187,37.23678531,111.7798066,37.20284971
111.7798066,37.20284971,111.7803762,37.18173732
111.7803762,37.18173732,111.7843642,37.17316417
111.7843642,37.17316417,111.7877515,37.16682194
111.8916042,37.00484083,111.9463158,37.03734662
112.9615993,35.64443186,112.9490434,35.62467719
111.4686988,36.98854013,111.4581943,36.8949866
111.4576399,36.89489995,111.439812,36.8906952
111.439812,36.8906952,111.4393529,36.89043168
111.4393529,36.89043168,111.4251777,36.8821755
111.4249106,36.88178524,111.3357041,36.76074036
111.34166,36.75156836,111.3467814,36.73685472
111.7048893,36.57051487,111.710125,36.57031333
111.6933908,36.46452918,111.6730633,36.41828916
111.6730633,36.41828916,111.6790772,36.40376779
111.6569523,36.41530793,111.6571997,36.41012611
111.6571997,36.41012611,111.6563622,36.39839831
111.6354967,36.28860676,111.6340861,36.28007544
111.5048305,36.14256106,111.4860685,36.10818
113.1877595,36.07307565,113.1975934,36.06697396
113.1975934,36.06697396,113.2375717,36.03766831
113.2375717,36.03766831,113.3403692,35.94435328
113.3403692,35.94435328,113.3402933,35.94338666
113.3402933,35.94338666,113.2994617,35.92252833
113.2994617,35.92252833,113.30542,35.90138831
113.30542,35.90138831,113.3470917,35.89880064
113.3701683,35.86129166,113.303399,35.83962945
113.0966617,36.16300333,113.0955169,36.15739208
113.0659949,36.04983474,113.1236416,35.96132501
113.1236416,35.96132501,113.1483767,35.93587916
113.1864028,35.9248034,113.2147241,35.89755949
113.0796341,36.16920423,113.0781145,36.16620871
112.883085,35.8227529,112.8740201,35.69436342
112.850524,35.57419399,112.8661459,35.52424837
113.0765967,36.35791163,113.05167,36.35980414
113.0401288,36.36216926,113.02327,36.36512335
113.02327,36.36512335,112.9678588,36.38086933
112.9148818,36.34420118,112.9145721,36.34398331
112.9145721,36.34398331,112.9065006,36.33723856
112.8824072,36.31204178,112.8807466,36.30320059
112.8807466,36.30320059,112.8784826,36.29441977
112.8784826,36.29441977,112.8769214,36.288252
112.86981,36.25866832,112.8730333,36.14095667
112.8863826,36.13071621,112.8863684,36.12273183
112.8863684,36.12273183,112.8865128,36.10753366
112.8865571,36.09893969,112.878775,36.07510163
112.8802783,36.03511329,112.8831667,36.01859166
112.8831667,36.01859166,112.8835684,36.0095083
111.5371158,36.08188583,111.5741475,36.07547077
111.5741475,36.07547077,111.6320967,36.07603833
111.6320967,36.07603833,111.6755844,36.06092344
111.6755844,36.06092344,111.7369933,36.02358333
111.7369933,36.02358333,111.8116059,35.98487085
111.4762786,36.0693408,111.4746016,36.07031944
111.4746016,36.07031944,111.4719717,36.07174666
111.4719717,36.07174666,111.4548241,36.08009115
111.4548241,36.08009115,111.4405883,36.086365
111.4370474,36.08571802,111.4341707,36.08017032
111.4341707,36.08017032,111.425495,36.06672166
111.425495,36.06672166,111.4087033,36.03883666
111.4087033,36.03883666,111.4080917,36.03659
111.2439889,35.68326134,111.24392,35.68206
111.24392,35.68206,111.2439983,35.67011666
111.2361753,35.64883707,111.2349801,35.61639114
111.2349801,35.61639114,111.2267341,35.59923696
111.1577448,35.60235006,111.1482899,35.57684087
111.1482899,35.57684087,111.1395667,35.57671953
111.1395667,35.57671953,111.1338756,35.53932611
111.1338756,35.53932611,111.1312283,35.5390575
111.1312283,35.5390575,111.130675,35.52335333
111.130675,35.52335333,111.1305131,35.51796892
111.1208057,35.50632333,111.1099283,35.50522
111.1099283,35.50522,111.1171417,35.48411166
111.1171417,35.48411166,111.1170639,35.45467
111.1197799,35.45459554,111.150836,35.45374872
111.1670392,35.41261416,111.2190067,35.361295
111.20062,35.34702666,111.1443069,35.27125543
111.1389837,35.26605861,111.1324518,35.25861591
111.1324518,35.25861591,111.1135683,35.23697833
111.2115883,35.13428,111.2113435,35.12685735
111.2113435,35.12685735,111.1764756,35.07893826
110.8689117,35.97940166,110.8904275,35.9874309
110.8963508,35.98169501,110.9432883,35.92324333
110.9722842,35.8082283,110.9898272,35.70593222
110.9898272,35.70593222,111.0031517,35.70244
111.0031517,35.70244,111.0135706,35.68980833
111.0135706,35.68980833,111.0091617,35.66315833
111.0091617,35.66315833,111.00917,35.65458
111.00917,35.65458,110.9983533,35.64951959
110.9983533,35.64951959,110.9885445,35.64174786
110.9885445,35.64174786,110.9814878,35.63077023
110.9870558,35.62919386,110.9963302,35.60018379
110.9962108,35.59638319,110.9340012,35.53816697
110.9340012,35.53816697,110.9303863,35.533992
110.9142362,35.5092462,110.8806008,35.46422708
110.8806008,35.46422708,110.8788552,35.45583296
110.8776732,35.44885309,110.8685721,35.42487535
111.5987333,35.61373333,111.6013628,35.61353833
111.6317233,35.545335,111.652195,35.51771
111.40907,35.61456833,111.3404267,35.58686975
111.3404267,35.58686975,111.3350553,35.5829108
111.3314263,35.57889722,111.3261883,35.57331333
111.3116667,35.53607666,111.3166764,35.44385251
111.3166764,35.44385251,111.3135253,35.43834524
111.3406046,35.60447109,111.3404267,35.58686975
111.7601466,37.26249507,111.7777324,37.2526082
111.3404267,35.58686975,111.3350553,35.5829108
111.3314263,35.57889722,111.3261883,35.57331333
111.315401,35.43718268,111.3149796,35.436777
111.3149796,35.436777,111.3102217,35.40549
111.2804734,35.37746636,111.2722375,35.37300533
111.2670957,35.37232217,111.2190067,35.361295
110.6437877,35.43622661,110.6497035,35.43392522
110.7083521,35.42250104,110.7185252,35.42287637
110.7185252,35.42287637,110.7470533,35.42378333
110.7470533,35.42378333,110.7814323,35.42667789
110.7814323,35.42667789,110.8685717,35.42487338
110.8685717,35.42487338,110.8829974,35.28677034
110.8897049,35.27052274,110.9081559,35.22295837
110.9081559,35.22295837,110.9105781,35.2150671
110.9105781,35.2150671,110.9166484,35.19394008
110.9166484,35.19394008,110.920244,35.18643982
110.920244,35.18643982,110.92053,35.18416166
110.9371683,35.13099166,110.9558242,35.09347382
110.9558242,35.09347382,110.9841585,35.03610542
110.6965323,35.49801348,110.67801,35.47586
110.6437877,35.43622661,110.6354912,35.42864233
110.5565492,35.35544583,110.5551855,35.31519456
110.5551855,35.31519456,110.542891,35.28813262
110.5322517,35.27665916,110.5290232,35.27001458
110.5290232,35.27001458,110.52803,35.26801333
110.5182904,35.25004981,110.5149117,35.24517666
110.5149117,35.24517666,110.512694,35.23013593
110.512694,35.23013593,110.4968359,35.21661502
110.4968359,35.21661502,110.4880867,35.20186261
110.4880867,35.20186261,110.4860311,35.19978944
110.4860311,35.19978944,110.4799983,35.18339702
110.4799983,35.18339702,110.4803417,35.17717063
110.4900877,35.13709743,110.4889759,35.12262596
110.4889759,35.12262596,110.4903126,35.11953232
110.509475,35.04389666,110.4770117,35.01013166
110.4770117,35.01013166,110.4619331,34.99476204
110.42478,34.95311,110.4220772,34.92103637
110.4220772,34.92103637,110.4225176,34.9195929
110.4225176,34.9195929,110.429991,34.90232368
110.429991,34.90232368,110.4394012,34.88750845
110.4394012,34.88750845,110.4399802,34.88613053
110.7739188,35.13247689,110.7828623,35.10259384
110.8447958,34.92321019,110.8471359,34.90646937
110.8623283,34.90896833,110.8615508,34.88873769
110.8615508,34.88873769,110.88547,34.841635
110.8771733,34.75157166,110.8771433,34.74584214
111.7455102,37.25351576,111.7731187,37.23678531
111.7731187,37.23678531,111.7798066,37.20284971
111.7798066,37.20284971,111.8128121,37.17793327
110.8614098,37.6351671,110.8794572,37.50464797
110.8794572,37.50464797,110.8825786,37.50298676
110.8825786,37.50298676,110.8923123,37.47303774
110.8923123,37.47303774,110.898835,37.44281163
110.625497,36.76482844,110.6278783,36.74909833
110.6278783,36.74909833,110.6220517,36.73947333
110.6220517,36.73947333,110.6226683,36.73812166
110.5959417,36.65135666,110.5899217,36.63641
110.5899217,36.63641,110.5911433,36.63347333
110.5911433,36.63347333,110.58965,36.63326666
110.6133317,36.62619666,110.6394683,36.62487666
110.7529315,36.47185052,110.7693964,36.4680513
111.3406046,35.60447109,111.3404267,35.58686975
111.7601466,37.26249507,111.7777324,37.2526082
111.0628273,39.02007398,110.9833394,38.96752691
110.9833394,38.96752691,111.01139,38.652265
111.5503941,38.25508079,111.63619,38.255305
111.63619,38.255305,111.73267,38.23361499
111.73267,38.23361499,111.8067164,38.18885141
111.8067164,38.18885141,111.81319,38.18890166
113.3807625,40.11137388,113.30945,40.15663036
113.7206669,40.32227272,113.6971208,40.31724851
113.6971208,40.3172485,113.6280703,40.21799499
113.6280703,40.21799499,113.6024867,40.17892916
113.6024867,40.17892916,113.4810607,40.13708579
113.5641357,40.03426942,113.479605,40.053955
113.425435,40.05846166,113.4126883,40.06143333
113.4126883,40.06143333,113.4011317,40.06352
113.38206,40.06723333,113.3274583,40.07494333
112.5231299,39.36916783,112.5216619,39.36677097
112.5216619,39.36677097,112.5251134,39.35617341
112.5250129,39.35195476,112.5249821,39.34150785
112.4219927,39.28043474,112.4194312,39.28061099
112.4117339,39.280899,112.4084539,39.27872905
112.4400644,38.90827333,112.4114576,38.9053832
112.4114576,38.9053832,112.4102971,38.90581458
111.0626682,39.02022007,111.0635367,39.02614
111.5244716,39.10808459,111.524255,39.10992166
112.7684949,38.4565834,112.7066083,38.45247833
112.4534978,38.63312087,112.4289128,38.6571161
112.4289128,38.6571161,112.4209798,38.65581399
112.099491,38.80464367,112.0732756,38.85801767
112.0732756,38.85801767,112.0344071,38.87600664
112.0344071,38.87600664,112.0285683,38.87694666
112.0285683,38.87694666,112.0028817,38.87489666
112.0028817,38.87489666,111.9919883,38.87599333
111.9919883,38.87599333,111.9868383,38.876025
111.9476883,38.87754777,111.9045717,38.91916166
111.9045717,38.91916166,111.8679192,38.91003373
111.8679192,38.91003373,111.850898,38.92624843
112.690572,38.42282296,112.6607697,38.42873426
113.7851107,38.15989311,113.7568109,38.11012428
113.7568109,38.11012428,113.6001799,38.13109591
113.5854869,38.12355943,113.5128467,38.09964833
113.5128467,38.09964833,113.4872642,38.08714948
113.4872642,38.08714948,113.4806475,38.08597666
113.4806475,38.08597666,113.45146,38.08862666
113.45146,38.08862666,113.3906402,38.10228847
113.3906402,38.10228847,113.38403,38.09083704
113.38403,38.09083704,113.3216333,38.09518833
113.8663301,37.96048832,113.795245,37.95642
113.795245,37.95642,113.7752783,37.96173164
113.697465,37.93457668,113.6678423,37.93258983
113.6213763,37.92560025,113.4776173,37.87087116
113.0697317,37.40906833,112.9447367,37.605335
112.9447367,37.605335,112.8362583,37.66795332
112.8362583,37.66795332,112.8268213,37.68034639
112.8268213,37.68034639,112.8140466,37.68536386
112.2369309,37.37725671,112.1939734,37.39424822
112.1939734,37.39424822,112.1912481,37.39484021
112.0647301,37.43087246,112.0121614,37.41709552
112.0274949,37.46212151,112.0355573,37.48043061
112.0487807,37.49909856,112.0505845,37.50039796
111.9596317,37.54697166,111.9042717,37.56067908
111.7484616,37.6482752,111.7158399,37.65649096
111.7158399,37.65649096,111.6679284,37.66013837
111.6679284,37.66013837,111.5505,37.718085
111.3923951,37.90903405,111.3049416,37.93065003
111.3049416,37.93065003,111.2771033,37.94408083
111.2771033,37.94408083,111.2619199,37.94413725
111.2619199,37.94413725,111.2626302,37.93769423
113.3324272,36.95508986,113.3139767,36.94961
113.3139767,36.94961,112.8939583,36.82328103
112.8939583,36.82328103,112.8603146,36.82811457
112.8603146,36.82811457,112.8551937,36.82591688
112.8551937,36.82591688,112.8470204,36.82226919
112.8470204,36.82226919,112.8433731,36.82090195
112.6981599,36.76795309,112.693095,36.76402833
112.693095,36.76402833,112.6842367,36.76079004
112.6818767,36.76080998,112.68099,36.760745
112.6578684,36.76266836,112.6420767,36.75804333
111.6954703,36.24679433,111.6773922,36.25250727
111.6773922,36.25250727,111.6609396,36.25125273
113.3031954,36.32905577,113.2987443,36.33163914
113.2987443,36.33163914,113.2801135,36.32548797
113.2801135,36.32548797,113.2648402,36.32363833
113.3709052,36.31797778,113.3961722,36.30732827
113.3961722,36.30732827,113.44129,36.21745999
113.44129,36.21745999,113.4361748,36.20099089
113.2764266,36.21953985,113.2738956,36.21438348
113.2738956,36.21438348,113.2715689,36.20888612
113.2715689,36.20888612,113.2700278,36.20744252
113.2700278,36.20744252,113.2577472,36.18705651
113.1918171,36.16097204,113.1896322,36.16237046
113.1862283,36.16396336,113.1801778,36.16618534
113.1801778,36.16618534,113.1761676,36.16689128
113.1761676,36.16689128,113.1465292,36.17284168
113.143973,36.17093456,113.1382374,36.17395462
113.1382374,36.17395462,113.135665,36.17477333
112.9739411,36.14566747,112.9667866,36.14306663
112.778218,36.09641888,112.7638052,36.09722011
112.7638052,36.09722011,112.7248666,36.10172761
112.6621733,36.12819004,112.634312,36.14720088
112.2312584,36.11864178,112.241224,36.14832884
113.2191023,35.95142833,113.1942817,35.96919233
113.1942817,35.96919233,113.1678099,35.97441603
113.1678099,35.97441603,113.1236416,35.96132501
111.6570457,36.41194048,111.6514938,36.41168822
111.6514938,36.41168822,111.5141578,36.44659475
111.5141578,36.44659475,111.4879773,36.47022261
111.4879773,36.47022261,111.4452244,36.48486432
111.4452244,36.48486432,111.3729375,36.53012646
111.3729375,36.53012646,111.2526523,36.605514
111.2526523,36.605514,111.2431086,36.61307955
111.2431086,36.61307955,111.2036072,36.64135297
111.4230717,35.87718333,111.406525,35.87606166
111.406525,35.87606166,111.2837022,35.83603216
111.2837022,35.83603216,111.2254657,35.86099862
113.2900715,35.81320086,113.287909,35.8148274
113.287909,35.8148274,113.1849817,35.83880333
113.1849817,35.83880333,113.164625,35.8547875
112.9258136,35.77590098,112.9047354,35.76914689
112.2011924,35.68856096,112.01623,35.74300333
111.6900274,35.71979238,111.6662599,35.71832299
112.7261419,35.39734986,112.7265758,35.40091916
113.2775183,40.03428,113.2593596,40.04622476
113.2109068,40.0933571,113.1903128,40.10642878
113.1903128,40.10642878,113.16005,40.10326
113.16005,40.10326,113.1074783,40.12223
113.1074783,40.12223,113.1015739,40.12434356
111.6787633,38.27397748,111.6874977,38.26918466
111.7221207,37.23858266,111.6879052,37.16975256
111.3716107,37.23683894,111.3685802,37.23656136
111.3685802,37.23656136,111.2186845,37.328386
111.0784418,37.49419566,111.0758598,37.49651655
111.0758598,37.49651655,111.0653984,37.49486664
111.0653984,37.49486664,111.0351226,37.47767343
110.8963508,35.98169501,110.79073,35.94460314
110.7375133,34.708965,110.7372563,34.708603
110.7372563,34.708603,110.7032757,34.6964035
110.67332,34.67647216,110.3520433,34.62246816
110.3520433,34.62246816,110.3258683,34.62690683
110.3258683,34.62690683,110.3259894,34.64091101
113.6689013,38.03947545,113.6053667,38.01693532
112.4197893,38.9959685,112.4169956,38.99566257
111.203015,39.39338166,111.193641,39.43352337
114.1408525,40.68148116,114.133385,40.66639166
114.133385,40.66639166,114.0966148,40.64236956
114.0905304,40.63653267,114.102783,40.5687547
113.6177243,39.65226172,113.6141762,39.65195693
113.6141762,39.65195693,113.4314574,39.57824013
113.4314574,39.57824013,113.1847321,39.58399607
113.1847321,39.58399607,113.1813988,39.58486112
113.1813988,39.58486112,113.0980296,39.57892936
113.4735657,38.68452147,113.4585495,38.68204173
113.4585495,38.68204173,113.4340324,38.67903791
113.4340324,38.67903791,113.4059717,38.66687052
113.3984617,37.11445666,113.3916267,37.09324833
112.5463928,38.03143683,112.5361702,38.04780727
112.5361702,38.04780727,112.3882812,38.15814016
112.3882812,38.15814016,112.2184677,38.13797104
112.2184677,38.13797104,112.1707358,38.15992245
111.0196781,38.01755215,111.0182613,38.01748365
110.6025514,38.03668629,110.5991341,38.03478397
110.5079369,38.03555353,110.4891906,38.03645841
113.6121937,40.16083952,113.6118911,40.15927198
112.8610743,38.49692112,112.899018,38.49089394
113.3055887,40.01322473,113.2826567,40.02384333
112.4500704,37.8926353,112.260909,37.9259752
112.260909,37.9259752,112.224115,37.92237833
112.5797535,39.33999214,112.5399322,39.25924164
112.5399322,39.25924164,112.5356317,39.25804715
112.5356317,39.25804715,112.4267514,39.26070852
110.9633597,35.09366571,110.9964848,35.12714963
110.9982013,35.12372279,111.0415333,35.08675116
111.0415458,35.08676163,111.1466609,35.04277946
112.3599985,35.26972092,112.3535602,35.25596159
111.27102,35.677335,111.2679311,35.6346186
111.0415458,35.08676163,111.1466609,35.04277946
113.5902268,36.20825993,113.4471078,36.18965755
112.1471316,39.75780333,112.1333891,39.749925
113.5988422,35.68619986,113.5820224,35.68899945
112.7351076,35.72746887,112.7230912,35.73001647
112.5831935,35.71059054,112.560321,35.70881492
112.5234803,35.70671857,112.5161672,35.70703512
112.5161672,35.70703512,112.4981522,35.70859071
112.4981522,35.70859071,112.4856531,35.7113323
111.9739883,35.69087333,111.9678512,35.69322196
111.9678512,35.69322196,111.9649015,35.69413068
111.3603833,35.70050833,111.3311067,35.70112333
111.3311067,35.70112333,111.2843912,35.69221305
112.8085788,35.47084689,112.784624,35.47766768
112.784624,35.47766768,112.7712964,35.48226304
112.7712964,35.48226304,112.7574167,35.48313333
112.7574167,35.48313333,112.7493017,35.48356
112.7232767,35.484605,112.708495,35.48196
112.708495,35.48196,112.6778067,35.482225
112.6778067,35.482225,112.6689933,35.48505833
112.6689933,35.48505833,112.6569471,35.49093369
112.6539347,35.49182071,112.6521519,35.49227448
112.5970253,35.48546401,112.5875539,35.48533332
112.5875539,35.48533332,112.567435,35.49060988
112.567435,35.49060988,112.5660288,35.49277735
112.5660288,35.49277735,112.549049,35.50013239
112.549049,35.50013239,112.5253914,35.49862174
110.9363592,35.033878,110.8841417,35.01769351
110.8841417,35.01769351,110.8415401,35.0119452
110.8415401,35.0119452,110.7618957,34.99040316
110.2750551,34.68329551,110.3070425,34.64751726
110.9587033,35.08785583,110.9450668,35.07077626
113.2961755,36.26446988,113.2757368,36.19239927
113.4806134,38.08596109,113.4712821,38.06314936
113.565595,37.92140546,113.5655751,37.91986077
113.5587013,37.91502795,113.5621891,37.9161362
113.5621891,37.9161362,113.5652502,37.91722866
112.4197893,38.9959685,112.4169956,38.99566257
112.5463928,38.03143683,112.5361702,38.04780727
110.5079369,38.03555353,110.4891906,38.03645841
112.4500704,37.8926353,112.260909,37.9259752
112.260909,37.9259752,112.224115,37.92237833
112.5797535,39.33999214,112.5399322,39.25924164
112.5399322,39.25924164,112.5356317,39.25804715
112.5356317,39.25804715,112.4267514,39.26070852
110.8406927,35.01238629,110.8370644,35.01074748
112.4818779,38.91022794,112.4400644,38.90827333
111.3406046,35.60447109,111.3404267,35.58686975
111.7601466,37.26249507,111.7777324,37.2526082
114.3913,39.809845,114.3850309,39.80922361
111.7862332,37.28463228,111.81817,37.28156333
111.5371158,36.08188583,111.5741475,36.07547077
112.9615993,35.64443186,112.9490434,35.62467719
110.9587033,35.08785583,110.9450668,35.07077626
113.2278578,36.36180055,113.226374,36.35604295
111.3406046,35.60447109,111.3404267,35.58686975
111.7601466,37.26249507,111.7777324,37.2526082
111.6787633,38.27397748,111.6874977,38.26918466
113.7290951,36.35749483,113.7279883,36.36464874
113.7279883,36.36464874,113.7188805,36.36008274
111.6787633,38.27397748,111.6874977,38.26918466
111.6787633,38.27397748,111.6874977,38.26918466
113.7188805,36.36008274,113.7093716,36.36064922
111.6787633,38.27397748,111.6874977,38.26918466
113.7290951,36.35749483,113.7279883,36.36464874
111.7862332,37.28463228,111.81817,37.28156333
113.7020755,36.36702848,113.6943107,36.36244291
111.3406046,35.60447109,111.3404267,35.58686975
111.7601466,37.26249507,111.7777324,37.2526082
111.6787633,38.27397748,111.6874977,38.26918466
111.7862332,37.28463228,111.81817,37.28156333
111.7071372,36.33402676,111.7070934,36.33241577
111.3406046,35.60447109,111.3404267,35.58686975
111.7601466,37.26249507,111.7777324,37.2526082
111.6787633,38.27397748,111.6874977,38.26918466
111.7862332,37.28463228,111.81817,37.28156333
113.9053983,39.45400833,113.901825,39.44279463
110.7375133,34.708965,110.7372563,34.708603
111.6787633,38.27397748,111.6874977,38.26918466
111.6570457,36.41194048,111.6514938,36.41168822
111.4230717,35.87718333,111.406525,35.87606166
112.8080057,39.30913706,112.7951333,39.31134166
112.6748749,37.73205146,112.7056959,37.70861556
112.8306467,37.44363495,112.8464946,37.36097073
112.874285,37.33070833,112.8752045,37.32589093
113.1186029,36.33733537,113.1184705,36.33635941
113.1184705,36.33635941,113.1180509,36.33301331
112.3909974,37.87817634,112.2763092,37.86979703
113.5679657,37.77023329,113.5597784,37.77070643
113.3693527,37.95420787,113.3704435,37.9574157
113.3704435,37.9574157,113.381819,37.98493534
113.3824617,38.05531166,113.3789959,38.06446748
111.2524017,37.64730952,111.3032971,37.56575579
114.156454,40.70908066,114.1491081,40.70498228
114.09816,40.4711449,114.096804,40.46804277
114.1103712,40.41326804,114.0688047,40.40306129
114.2678134,39.61592832,114.2805236,39.47593189
114.2805236,39.47593189,114.2783697,39.45784183
113.8928927,40.03075108,113.8937366,40.02934856
113.3961509,40.02737755,113.4016018,40.02038998
113.4025146,40.01907754,113.4828241,39.87408625
113.1653462,40.27114541,113.1572324,40.2501012
113.1322243,40.2416378,113.0988633,40.16757
113.1074461,40.15338083,113.115749,40.14098725
113.128661,39.9905795,113.0760642,39.9090775
113.0760642,39.9090775,113.0738267,39.90704833
113.0890833,39.83199227,113.0489657,39.80162436
113.0489657,39.80162436,113.059996,39.80172488
113.1604823,39.58408688,113.1715396,39.57825613
113.326145,39.50299663,113.3284775,39.49846078
113.3274842,39.49246251,113.3629282,39.46714465
112.7348933,40.07958657,112.7352973,40.07860936
112.6903967,40.01186499,112.6901991,40.00559333
112.8529083,39.80389166,112.874989,39.75572565
113.028182,39.63513565,113.0352671,39.63390838
113.1102267,39.61407281,113.123765,39.60959045
112.5709269,39.76827665,112.59875,39.74295167
112.7095586,39.58520168,112.7798746,39.55772692
112.7798746,39.55772692,112.7994306,39.53965673
112.1524929,39.71903266,112.1583044,39.71313502
112.27816,39.58683566,112.2783395,39.58672393
112.2787702,39.56728007,112.2798523,39.56337256
112.2798523,39.56337256,112.280305,39.56102832
113.3800521,38.04941918,113.303,38.01153
113.2546963,37.98749664,113.146937,37.91202436
112.901975,37.85955833,112.8912286,37.86050666
111.73267,38.23361499,111.8067164,38.18885141
111.8216623,38.17144473,111.8329266,38.15254414
111.8329266,38.15254414,111.8488896,38.09616757
110.9958502,37.99856773,110.9956561,37.99789922
110.9956561,37.99789922,110.9902478,37.92284492
111.9596317,37.54697166,111.9042717,37.56067908
112.7124949,36.71987073,112.7125416,36.71874498
112.7125416,36.71874498,112.7410858,36.64521349
112.8109929,36.56698829,112.8126349,36.56546319
112.8126349,36.56546319,112.8457067,36.54079007
112.8742533,36.52897836,112.8908285,36.52314193
112.8908285,36.52314193,112.9264669,36.5068915
112.944834,36.47072561,112.9696864,36.43267566
112.9922913,36.33808154,113.0002099,36.32145924
113.0181433,36.18384833,113.0087317,36.211815
111.5424219,36.25004988,111.5449932,36.24860342
111.5793337,36.23346312,111.5816224,36.23281896
111.7018602,36.1918974,111.7049149,36.18983184
111.7049149,36.18983184,111.7284884,36.17491377
112.0941417,37.16028168,111.9463158,37.03734662
111.9463158,37.03734662,111.8916042,37.00484083
111.9013089,36.91707702,111.8989355,36.90824525
111.8989355,36.90824525,111.8225396,36.88513013
111.7637583,36.82754333,111.6950497,36.81467607
111.7925651,37.12774362,111.7974575,37.12225082
111.7974575,37.12225082,111.7927826,37.10192352
111.4551324,37.00770611,111.4686988,36.98854013
111.4581943,36.8949866,111.4576399,36.89489995
111.4251777,36.8821755,111.4249106,36.88178524
111.6790772,36.40376779,111.6569523,36.41530793
111.6563622,36.39839831,111.6354967,36.28860676
111.6340861,36.28007544,111.5643975,36.22453581
111.5643975,36.22453581,111.5501933,36.21223166
111.5501933,36.21223166,111.5350417,36.18630833
111.5350417,36.18630833,111.5048305,36.14256106
113.0955169,36.15739208,113.0922867,36.14428333
113.1483767,35.93587916,113.1864028,35.9248034
112.8740201,35.69436342,112.850524,35.57419399
113.1168225,36.36330497,113.1155866,36.36463484
112.9167034,36.34548336,112.9164755,36.34526064
112.9164754,36.3452607,112.9148818,36.34420118
112.9065006,36.33723856,112.8972614,36.31123589
112.8730333,36.14095667,112.8863826,36.13071621
112.8865128,36.10753366,112.8865571,36.09893969
112.43709,35.4831,112.475975,35.457695
111.2667933,35.94344942,111.3685749,35.91621003
111.4405883,36.086365,111.4370474,36.08571802
111.2267341,35.59923697,111.2089684,35.59436465
111.2089684,35.59436465,111.1577448,35.60235006
111.1305131,35.51796892,111.1208057,35.50632333
111.1530826,35.43923708,111.1670392,35.41261416
111.2190067,35.361295,111.20062,35.34702666
111.1443069,35.27125543,111.1389837,35.26605861
111.1135683,35.23697833,111.1109114,35.23506161
111.1109114,35.23506161,111.1093315,35.21572833
111.1093315,35.21572833,111.1412243,35.19361696
111.1412243,35.19361696,111.1847783,35.161685
111.1847783,35.161685,111.2115883,35.13428
110.8904275,35.9874309,110.8963508,35.98169501
110.9814878,35.63077023,110.9870558,35.62919386
110.9963302,35.60018379,110.9962108,35.59638319
110.9303863,35.533992,110.9142362,35.5092462
110.8788552,35.45583296,110.8776732,35.44885309
111.4090622,35.62529419,111.40907,35.61456833
111.3350553,35.5829108,111.3314263,35.57889722
111.3350553,35.5829108,111.3314263,35.57889722
111.3102217,35.40549,111.2804734,35.37746636
111.2722375,35.37300533,111.2670957,35.37232217
110.6497035,35.43392522,110.6828656,35.41889967
110.92053,35.18416166,110.9371683,35.13099166
110.6354912,35.42864233,110.6033067,35.39581833
110.6033067,35.39581833,110.5565492,35.35544583
110.542891,35.28813262,110.5322517,35.27665916
110.52803,35.26801333,110.5209524,35.25376912
110.5209524,35.25376912,110.5182904,35.25004981
110.4803417,35.17717063,110.4900877,35.13709743
110.4399802,34.88613053,110.4163706,34.84932447
110.826135,34.98341576,110.8412765,34.93355165
110.8412765,34.93355165,110.8447958,34.92321019
110.8738057,34.7769058,110.8771733,34.75157166
112.810995,35.5217925,112.8177451,35.47380333
110.8350083,37.66263166,110.8614098,37.6351671
110.898835,37.44281163,110.8994219,37.43207606
110.8177025,37.00632776,110.8020383,36.98154833
110.770485,36.89312,110.7222617,36.86323166
110.7222617,36.86323166,110.7149538,36.84597687
110.6226683,36.73812166,110.60028,36.67013333
110.725045,36.585795,110.7529315,36.47185052
111.1600049,39.15242306,111.1582864,39.10463635
112.7278072,37.67375199,112.7042952,37.65408844
111.81319,38.18890166,111.822735,38.18036497
113.4810607,40.13708579,113.4076362,40.12305799
113.6044001,40.03261834,113.5641357,40.03426942
113.479605,40.053955,113.4742809,40.04951509
113.4742809,40.04951509,113.4688107,40.05036735
113.4011317,40.06352,113.38206,40.06723333
112.5251134,39.35617341,112.5250129,39.35195476
112.5249821,39.34150785,112.5249586,39.33743837
112.5249586,39.33743837,112.5250531,39.32513634
112.4194312,39.28061099,112.4117339,39.280899
112.3912727,38.92175948,112.3883231,38.92489887
112.2948883,38.98992833,112.3092358,39.00266
112.3092358,39.00266,112.3081942,39.00351895
111.5708912,39.09047777,111.5244716,39.10808459
112.4209798,38.65581399,112.1697743,38.86355639
111.9868383,38.876025,111.9476883,38.87754777
113.6001799,38.13109591,113.5854869,38.12355943
113.3216333,38.09518833,113.0182867,38.08387166
112.76636,38.06836834,112.7648867,38.069905
112.7648867,38.069905,112.7253712,38.08032654
112.7253712,38.08032654,112.680993,38.06920998
113.8989333,37.97308,113.8663301,37.96048832
113.7752783,37.96173164,113.697465,37.93457668
113.6678423,37.93258983,113.6213763,37.92560025
112.7278072,37.67375199,112.7042952,37.65408844
112.1244783,37.42384587,112.0647301,37.43087246
112.0121431,37.41705896,112.0274949,37.46212151
112.0355573,37.48043061,112.0414691,37.48924813
112.0414691,37.48924813,112.0487807,37.49909856
111.9042717,37.56067908,111.8208725,37.61636013
111.5505,37.718085,111.5025698,37.79601159
111.5025698,37.79601159,111.4669083,37.85055
111.4669083,37.85055,111.4316724,37.88640917
111.4316724,37.88640917,111.3923951,37.90903405
113.89461,40.04306166,113.8927099,40.04009009
112.8433731,36.82090195,112.8190815,36.82584667
112.7904725,36.82986832,112.6981599,36.76795309
112.6842367,36.76079004,112.6818767,36.76080998
113.2648402,36.32363833,113.2378911,36.324184
113.2378911,36.324184,113.2228633,36.3253509
113.2418351,36.17183904,113.1956166,36.16093503
113.1956166,36.16093503,113.1918171,36.16097204
113.1896322,36.16237046,113.1862283,36.16396336
113.1465292,36.17284168,113.143973,36.17093456
113.0328005,36.1793577,112.9989541,36.16128303
112.8871408,36.10782332,112.8728006,36.10854142
112.7248666,36.10172761,112.6621733,36.12819004
112.634312,36.14720088,112.55215,36.15010666
112.2751134,36.05700334,112.2312584,36.11864178
113.164625,35.8547875,113.1111777,35.82002608
112.9438618,35.77555773,112.9258136,35.77590098
112.2237451,35.68522556,112.2235822,35.68657188
112.7268128,35.39073689,112.7261419,35.39734986
112.7265758,35.40091916,112.6225863,35.47325595
113.3027831,40.0204325,113.2871694,40.02551911
113.2871694,40.02551911,113.2775183,40.03428
113.2593596,40.04622476,113.2489454,40.05030963
113.2489454,40.05030963,113.2109068,40.0933571
111.7299703,37.24528058,111.7221207,37.23858266
113.7370408,36.35910415,113.7290951,36.35749483
111.1848822,37.34699487,111.095306,37.48066754
110.8904275,35.9874309,110.8963508,35.98169501
110.7032757,34.6964035,110.67332,34.67647216
113.8408149,38.06623478,113.8389277,38.06370451
113.6053667,38.01693532,113.5927284,38.00635261
113.5927284,38.00635261,113.5647796,37.99089197
113.5647796,37.99089197,113.5575786,37.98285584
113.901825,39.44279463,113.8022243,39.37275075
112.5610228,38.9512199,112.5266002,38.96112822
114.0966148,40.64236956,114.0905304,40.63653267
113.6121937,40.16083952,113.6118911,40.15927198
113.5533994,39.80561436,113.553625,39.78606325
113.7665132,37.61619942,113.7722766,37.56555169
112.1707358,38.15992245,111.868981,38.20704966
111.868981,38.20704966,111.7108255,38.169811
112.8175147,35.46717995,112.8085788,35.47084689
112.4267514,39.26070852,112.4221387,39.26072393
112.4221387,39.26072393,112.3464288,39.27632653
110.8835341,34.91484606,110.8415833,35.01180392
110.8415833,35.01180392,110.8841645,35.01751482
112.3690029,35.31579589,112.368179,35.29179107
112.3671666,35.28579676,112.3599985,35.26972092
112.3535602,35.25596159,112.3658117,35.23151805
110.9982013,35.12372279,111.0415333,35.08675116
111.1466609,35.04277946,111.1634718,35.0321696
111.1889838,34.83783059,111.1885396,34.82998243
113.5067152,35.69884142,113.5035089,35.70264241
113.5035089,35.70264241,113.4072306,35.73775187
113.4072306,35.73775187,113.3951672,35.73791921
112.7393608,35.72802314,112.7351076,35.72746887
112.8175147,35.46717995,112.8085788,35.47084689
112.7493017,35.48356,112.7232767,35.484605
112.6569471,35.49093369,112.6539347,35.49182071
112.6521519,35.49227448,112.6104817,35.48476144
112.6104817,35.48476144,112.5970253,35.48546401
112.5253914,35.49862174,112.43764,35.48449333
110.3070425,34.64751726,110.3116948,34.6416995
113.3693527,37.95420787,113.3704435,37.9574157
113.3704435,37.9574157,113.381819,37.98493534
113.569289,37.92146705,113.5655939,37.92140566
113.5655939,37.92140566,113.5626758,37.92015333
113.5621918,37.91613544,113.5630739,37.91816984
113.4802729,37.87320933,113.4813067,37.87188216
113.901825,39.44279463,113.8022243,39.37275075
112.4267514,39.26070852,112.4221387,39.26072393
112.4221387,39.26072393,112.3464288,39.27632653
112.7124949,36.71987073,112.7125416,36.71874498
111.4551324,37.00770611,111.4686988,36.98854013
111.7299703,37.24528058,111.7221207,37.23858266
113.7370408,36.35910415,113.7290951,36.35749483
111.7299703,37.24528058,111.7221207,37.23858266
113.7370408,36.35910415,113.7290951,36.35749483
111.7299703,37.24528058,111.7221207,37.23858266
113.7370408,36.35910415,113.7290951,36.35749483
111.7299703,37.24528058,111.7221207,37.23858266
113.7370408,36.35910415,113.7290951,36.35749483
113.6943107,36.36244291,113.6847162,36.36048024
111.5708912,39.09047777,111.5244716,39.10808459
113.6847162,36.36048024,113.680004,36.3549343
111.7299703,37.24528058,111.7221207,37.23858266
113.7370408,36.35910415,113.7290951,36.35749483
112.4611445,37.88778888,112.4627185,37.88809039
111.7299703,37.24528058,111.7221207,37.23858266
113.7370408,36.35910415,113.7290951,36.35749483
113.1168225,36.36330497,113.1155866,36.36463484
111.4090622,35.62529419,111.40907,35.61456833
111.7299703,37.24528058,111.7221207,37.23858266
113.7370408,36.35910415,113.7290951,36.35749483
111.5708912,39.09047777,111.5244716,39.10808459
112.5393942,38.02953666,112.545187,38.03446487
113.3929833,37.09955603,113.3968267,37.104065
111.5708912,39.09047777,111.5244716,39.10808459
